0,TRX,b9c8b7600b50093caf80cfe753ef1296674b2cd03e3ba0a09b9bf506288ac9ac,25 Feb 2022 0:40:54,4096680,4096680,4.09668
1,TRX,09f93b61c410618533d9f7a6caa9192e43a5209102f514aa5f91dad7510bf2af,25 Feb 2022 0:41:30,4096680,8193360,8.19336
2,TRX,93c13eb98dc72a706bb79d659d5218dccde2c167a205eddf3e6f44c5eda63908,25 Feb 2022 0:43:36,4364680,12558040,12.55804
3,TRX,eb82204d6222a0dc386d4c13fa1e1088b313fbf83d7867236d8b2e33780225d0,25 Feb 2022 0:43:42,3222560,15780600,15.7806
4,TRX,c335b40daee409d6cb07ae71ae2cb9b1921b043b69433a46c01f0ae3edeb412f,25 Feb 2022 0:45:27,10099900,25880500,25.8805
5,TRX,399ebeb012121d10288279d49a0dfa2fbf5bea5378c1edbe66aa94e5995fafba,25 Feb 2022 0:46:12,10099900,35980400,35.9804
6,TRX,001be517656b7800022b3bd531268e78bd68dba4bcbb451c5176fdcfd9df171f,25 Feb 2022 0:46:45,3180280,39160680,39.16068
7,TRX,1ef57f10101c515e11d46d5cdc1e518a6ea0a53f152dd79c5809bc5237e8acde,25 Feb 2022 0:47:15,4364680,43525360,43.52536
8,TRX,e3ffb35fb84511c325bff2ede46721067241bba6c04a93b33790ad5f6af8eeef,25 Feb 2022 0:47:45,4364680,47890040,47.89004
9,TRX,436b50296185843125ecf1a48a10ca3a4613dea820e049afe6b3568ebe325e66,25 Feb 2022 0:47:48,4364680,52254720,52.25472
10,TRX,66b8245292f8800213c2034a36fb8a4d346875184c076889ded1f477494bb6a0,25 Feb 2022 0:48:6,9267900,61522620,61.52262
11,TRX,d0c27f85e498629d26ef384deb2e23ac5245361ede1140fe6d8c178f8be257b3,25 Feb 2022 0:50:3,4364680,65887300,65.8873
12,TRX,2b0c7a36d8adcb5277ff354273e99019e01553813d72cb53af0a2faab67b6d05,25 Feb 2022 0:51:0,4364680,70251980,70.25198
13,TRX,b835817dda61f58f5dfc83d0163720ee8a2400faac1aa11965d6c47c57e37ca7,25 Feb 2022 0:51:27,9267900,79519880,79.51988
14,TRX,840a1058dff1697b5db8e4ecde189ffd12a4e07c0f0dda186b40386745d752f3,25 Feb 2022 0:52:30,4359360,83879240,83.87924
15,TRX,1a490f57df836147126b3eb7ef02a3bc29d83526ab974c57b59fcac523d6c0c1,25 Feb 2022 0:52:45,10099900,93979140,93.97914
16,TRX,563db24546a286b468054328bbe7fbba2980ea3ab9cd5b9361d6d5c95507ff3c,25 Feb 2022 0:53:30,4364680,98343820,98.34382
17,TRX,9dd2be8c15a9ea41fbb65ad70c896d3e5bd1e2dbbc3c36862c5badb73c1bb405,25 Feb 2022 0:54:12,10099900,108443720,108.44372
18,TRX,e59486ee04692bfa6940cb55303966a655a915201b5c0c2ea108efed5ab8e37a,25 Feb 2022 0:54:27,379840,108823560,108.82356
19,TRX,0f6c0c4b1f49295efa059684d3e7e0074809013bc3edce723db1c61e5844ffc1,25 Feb 2022 0:54:42,9267900,118091460,118.09146
20,TRX,a4644186757ff6150528dafb12a482262d971e2091b1216c73e191f0d363cf79,25 Feb 2022 0:55:48,0,118091460,118.09146
21,TRX,00285c99d2945a801e1676235318fc91b616cdea2b6ead2a8c4c7ac86dc164e2,25 Feb 2022 0:56:3,10099900,128191360,128.19136
22,TRX,cc9af9d4e670f4d0ea8b662f9f8d70b23a11066b7e0cd53cc717a0fd41b07b0d,25 Feb 2022 0:56:45,0,128191360,128.19136
23,TRX,5d6e36afeefe59ecf4e1c5f3414b26d2752eca3c37b3080a202bb146748f4238,25 Feb 2022 0:59:0,10099900,138291260,138.29126
24,TRX,0a9aa085491f14e77918dcbd64bec04f496cb7cac2564392227d0a026d53b445,25 Feb 2022 1:0:21,4364680,142655940,142.65594
25,TRX,59bc4cf9b3d057e1e358d758fb5189b6505cacbf9617ac5bf60b453dd77dbf6b,25 Feb 2022 1:0:27,4364680,147020620,147.02062
26,TRX,196c57e55748d4e0c0e62a4523c5953fc4a0f7d591c09e2039c0dc1712acacd0,25 Feb 2022 1:0:57,4364680,151385300,151.3853
27,TRX,c93a3d36aa32d416011915ddc61e97cd1559ac73b815df2f5dbdef8716ec4201,25 Feb 2022 1:1:0,10099900,161485200,161.4852
28,TRX,f35f35c8c59dca13112c0dc0a5fb3fcb4a11adbbd067db4e4aed38f5d965b5a1,25 Feb 2022 1:1:18,4364680,165849880,165.84988
29,TRX,1fa38b41b4c9c64f9424e5588ff38aa74b1c6f2acd6163c589d6338f55de299d,25 Feb 2022 1:1:36,4364680,170214560,170.21456
30,TRX,34ea2a252a8512affc706186caa53217751939201d524ce020b2e831b03862aa,25 Feb 2022 1:3:57,4364680,174579240,174.57924
31,TRX,45df261e5b0b6f99a8d29efefec7fd8c54736ec14791c0f562c4f4113230d574,25 Feb 2022 1:4:0,10099900,184679140,184.67914
32,TRX,136065bc7b8b310d7d3286c11bd8f311a168c9dde7c5e989a1c4aaf761c07511,25 Feb 2022 1:4:57,4364680,189043820,189.04382
33,TRX,35de22d104f57b550880337e20c647d5a154c1feb7d7ea1353f3a4ea4f2d1353,25 Feb 2022 1:5:36,8364680,197408500,197.4085
34,TRX,33cae1de8fb8ca0eb89e7127ebb90c6d7c2d8a4a008cfd53eeb055716378f7f6,25 Feb 2022 1:5:51,0,197408500,197.4085
35,TRX,d2e7b4efd99887c6f880c0f0bcb385057fe57d0c87a4fd8ebd0376493e6abe29,25 Feb 2022 1:5:51,9267900,206676400,206.6764
36,TRX,ae432a50634c26a05ea82f8d0115ec4cf1a0738667ce772b35c3fd4992fba070,25 Feb 2022 1:6:51,4364680,211041080,211.04108
37,TRX,090219c7cbb60f5f31fa42c3a0f692b63f41afb8847e33411ffa215ae6014d9a,25 Feb 2022 1:7:21,4364680,215405760,215.40576
38,TRX,d8b09e7b6b59f06fe25936d0287381788f8af3d14fc1ce07a50c2b2923c6e0d7,25 Feb 2022 1:7:36,4364680,219770440,219.77044
39,TRX,c7f9ea44f4008e1fc8cf438175e5c2e489577d608963f81dc101bf5b230da39b,25 Feb 2022 1:8:9,10099900,229870340,229.87034
40,TRX,1aeab2aa885da066657b55ec3569f2c1a933804c802cf7cca74d32945ed393d9,25 Feb 2022 1:8:15,3224240,233094580,233.09458
41,TRX,e799ac1a9d2c732c96167bae676918386096b25965bea1d6d0b35f3dc096ea4a,25 Feb 2022 1:9:3,4364680,237459260,237.45926
42,TRX,6f6325cea675e249b8bfeebbc05e834da5b28fa4d7db067fc8d9a3087ab314ab,25 Feb 2022 1:9:9,4364680,241823940,241.82394
43,TRX,dfd52906b9e4a7c84d59b504c6cbd49dc789d83040fd1e00cd14e7d611f96460,25 Feb 2022 1:9:30,9267900,251091840,251.09184
44,TRX,524441e8ec9d01b1fe4ee7e067089ab177037fe203390a6e4cf6081010afcccf,25 Feb 2022 1:10:6,4364680,255456520,255.45652
45,TRX,c86801b51b560893f80b3c466bfab148ac1ed1f9e4524614d48db608dafe9150,25 Feb 2022 1:10:15,4364680,259821200,259.8212
46,TRX,49a22ab81f3145a7c2639b83b585a6d6d4e739687ee190912555e6244f6650b0,25 Feb 2022 1:10:30,4364680,264185880,264.18588
47,TRX,b9f073c0bbdc3ac50369a04bb49e2c1361fd0794d8f6987adc3b711cfc01d201,25 Feb 2022 1:10:36,9267900,273453780,273.45378
48,TRX,080109c0727342d279c3cf7d7e58fff6c2537fd8b6615d559b311f50903e2fa1,25 Feb 2022 1:11:12,4364680,277818460,277.81846
49,TRX,163e6f4ac71631e8f66770cc91673174c0231d8de0a0ef1b491c582bc3436dba,25 Feb 2022 1:11:48,10099900,287918360,287.91836
50,TRX,170c87507dc2db949340593073187c527b309ff6b0d74eb3cd20b52e97b31e70,25 Feb 2022 1:13:15,4364680,292283040,292.28304
51,TRX,93c723cfa8a69e45415a87bdad61528b5cf70d21f4af280039a548b38f7bff33,25 Feb 2022 1:13:48,9267900,301550940,301.55094
52,TRX,99fce36deb3a7eb6b1ee3366309ab827b691d98ed895f02b1fd791cafc0d166e,25 Feb 2022 1:14:21,9267900,310818840,310.81884
53,TRX,005d5752b9cd83ed5816c5c37ee3f48b6ed1d1426fd9e8daf3ef9ca7f01ab8e9,25 Feb 2022 1:15:33,4364680,315183520,315.18352
54,TRX,362c695b2e73ffdbd8c4e6cfa7cf8cdd7c7a763abb36926826967b3dc434c5e9,25 Feb 2022 1:15:36,4364680,319548200,319.5482
55,TRX,7972424ce143fe655a84ebac7ec5c3b1b89c07dd295d574cdcefec317a98b2de,25 Feb 2022 1:15:51,4364680,323912880,323.91288
56,TRX,3435e88f9ba0d2ab51f6a739d95ad9bedf4e6b75a33919dcced241eb4d422c3c,25 Feb 2022 1:16:27,4364680,328277560,328.27756
57,TRX,c18f553397375b5dc05bc4ac31988d69cddc89bf9abd052652aff54e321b5c8e,25 Feb 2022 1:17:33,10099900,338377460,338.37746
58,TRX,71828cd7aa6a8f1ae11bd4d960819477b9b83f25ec01ffdf7d8e76c94b253b8f,25 Feb 2022 1:17:33,4364680,342742140,342.74214
59,TRX,842680383e25fa70d826fada18e9f16c14de4421392a7b526c80906a6fbd67e7,25 Feb 2022 1:17:39,4364680,347106820,347.10682
60,TRX,00470c223970abce44c6787bd1887d139caf5decb76c5ea023a22123dea6b5a2,25 Feb 2022 1:19:12,4364680,351471500,351.4715
61,TRX,f867263ee4116175fe5b2cfaf722d9409be7d7149e689ba2ef22627ce07d34fb,25 Feb 2022 1:20:54,4364680,355836180,355.83618
62,TRX,9bc0b1275e32b116350b8e9bae7662959634365cdd7d4cad7ba3beae75b3bc16,25 Feb 2022 1:22:3,4364680,360200860,360.20086
63,TRX,75fd7cb91df4a9158a329c289f310147a32d2d49aa25e005eda7a43d7517649f,25 Feb 2022 1:22:36,4364680,364565540,364.56554
64,TRX,4c6c312e50f401d40175e8b9d3e5f5cd990ca1afec1bc8225c25e4275feacafb,25 Feb 2022 1:22:42,4364680,368930220,368.93022
65,TRX,4fcec2b466872436296906738c8cfbe395081522f5905702741dbf86e2af1bc4,25 Feb 2022 1:23:27,4364680,373294900,373.2949
66,TRX,f428e46b708d29ec80b7ca6dba9a8f630dbcfedd348b5b3246b836ade2f4d140,25 Feb 2022 1:23:48,10099900,383394800,383.3948
67,TRX,845c7b9c3e303f12cbe4130c793a43ed57c803b4e7ec6e6ccd9ed7cd5fab21b1,25 Feb 2022 1:24:30,3904920,387299720,387.29972
68,TRX,417503d32964e6930c08a44f225c3b30f340a8749be89112f83ae0af49da59cf,25 Feb 2022 1:26:15,4364680,391664400,391.6644
69,TRX,58543b5610a0520a05c8200afef3de72fe3fe4452d161766241cfbc338b0b6c9,25 Feb 2022 1:26:45,4364680,396029080,396.02908
70,TRX,67dd451d2676e09d1d8ba4db1a5c39aa10dc1778350f40501a8c1aee503053fd,25 Feb 2022 1:29:42,0,396029080,396.02908
71,TRX,853cce36b20748f14d3a336c47a4cfa8f04ef7e3668d8a79b0d89d8967eb53f9,25 Feb 2022 1:29:51,4364680,400393760,400.39376
72,TRX,644bb9fc4c5cb0ab86c20b945f71d7a7755ab795c837959b7efd28d2e16838b7,25 Feb 2022 1:31:15,3218360,403612120,403.61212
73,TRX,dc7c904be845bc8a11cba861c727e3419675302d919be13b16163b15a67f8f4d,25 Feb 2022 1:31:24,4364680,407976800,407.9768
74,TRX,04ca027d5858fbdc7c613fb00e3c8a81fb0c556a983de338f92ca03e2656a334,25 Feb 2022 1:31:27,9267900,417244700,417.2447
75,TRX,652d0702b3bed492e1ac9a68f4b54e82de0828d4b236a5aa06f4911e7ff2c762,25 Feb 2022 1:31:54,4364680,421609380,421.60938
76,TRX,f7a781fc1fa57f601ff43a4f95818d8f69743ed51aaff1ec404ee51bb0556ddc,25 Feb 2022 1:32:18,3216120,424825500,424.8255
77,TRX,ef064c5bd6b86545d330f3cb81c837f4fbd8dc2573c23b82479660de41f080ed,25 Feb 2022 1:32:21,3214720,428040220,428.04022
78,TRX,b0d1010166a28753baf64232ba937dec089aad6110521baf7dd1cddc12fd8dae,25 Feb 2022 1:32:36,0,428040220,428.04022
79,TRX,63f998718fb06514bd8538b5dca59dcf735576165ffd5784cd57e5b8765d9077,25 Feb 2022 1:33:6,4364680,432404900,432.4049
80,TRX,0a122c527ede190cfa0700d6273d21466c33f010db1b90069409516053dc0c65,25 Feb 2022 1:33:15,10099900,442504800,442.5048
81,TRX,208891af1193cd821d943faa8b6fa67eaf548a2d427057f51d869bd2fbf4b1ba,25 Feb 2022 1:33:51,4364680,446869480,446.86948
82,TRX,f9670f191bb1e3006a62c1482832bb4da2f65807931de50010996589d508f38d,25 Feb 2022 1:33:54,4364680,451234160,451.23416
83,TRX,aea6b1968d21f31ac0433930b6d97b7228f338abc42b4b4d35859442b5bfeb93,25 Feb 2022 1:33:54,4364680,455598840,455.59884
84,TRX,d76a8441227795f1b7a95f30140f249f6fc0fba185f03411d9011b3c6ed0b4d8,25 Feb 2022 1:34:0,4364680,459963520,459.96352
85,TRX,34ffefbac60a7927c2bce7b907cb9e3905c1b55cf4b563e009acc8428fa8cf53,25 Feb 2022 1:34:42,4364680,464328200,464.3282
86,TRX,806caf4c7d5e96946d4a09f841229b2f3eee3a95f26982449a9b2a7390f4c277,25 Feb 2022 1:34:45,10099900,474428100,474.4281
87,TRX,8954e164c625a846ea69489ebbf92a1a7bf63c1e00a0a1b9efe1baf4282b0940,25 Feb 2022 1:36:54,8364680,482792780,482.79278
88,TRX,ee0ff1608e274a475654f0a2417bfc501edcdced0dc3af960eabb343f926a983,25 Feb 2022 1:38:0,4364680,487157460,487.15746
89,TRX,d763c508caccf4d7ef74ec11d7df2ec309ca64b2c0daa002b2ba06be07921263,25 Feb 2022 1:40:0,4364680,491522140,491.52214
90,TRX,c4d973b2a7d636f1422925681cf863acdcc89111b0ccac62882227c07a4715f1,25 Feb 2022 1:40:9,9267900,500790040,500.79004
91,TRX,645aad0d4675d80d4a572e981f4bb04c3db12367c4fd25288a1662c727f163a2,25 Feb 2022 1:40:45,4364680,505154720,505.15472
92,TRX,2530a4e6ed23e9ea079e102dcb5d96db9d000e9852a1fc8dd2d4888a4b18d421,25 Feb 2022 1:42:6,0,505154720,505.15472
93,TRX,f02264183836e7ce33a473d268c22cef33b6cf5c97300bba655cca863bd2b110,25 Feb 2022 1:43:30,0,505154720,505.15472
94,TRX,45cf381da312c314605cd200965afbf752711b44834cb146c04f0fe17d31d2b8,25 Feb 2022 1:45:18,10099900,515254620,515.25462
95,TRX,a7951953b6bdbf89721d671c4faffa5784886e920c8a28eb9b7443005caf10f4,25 Feb 2022 1:45:57,9267900,524522520,524.52252
96,TRX,c9037c7133ab5c817ee4fe6972caaeee1c17644bebe3e2382b67a171b80d5b3e,25 Feb 2022 1:46:33,4364680,528887200,528.8872
97,TRX,723b5b609da505bd84d710b6cad08a5ee39630c090da4baa6b3dee4258353633,25 Feb 2022 1:46:42,3916680,532803880,532.80388
98,TRX,63e8d699cd70ce61db846a3cf4e3c4389c8e9175f62186e140b71feb5b41ea01,25 Feb 2022 1:46:45,4364680,537168560,537.16856
99,TRX,6afed1279fed05a917e974fa32da7d14fd90e2d7c563d52d2b1fcbd5452645f2,25 Feb 2022 1:47:12,4364680,541533240,541.53324
100,TRX,dc7f3c97215db0197ae0fae97821dfc94e008216e0237d4f929464c8d4cf8328,25 Feb 2022 1:49:27,4364680,545897920,545.89792
101,TRX,8a4d4dedf146468429f6ddd16ac93661700433141708071970f8dfc5269abd3a,25 Feb 2022 1:50:36,4364680,550262600,550.2626
102,TRX,96c3362b64f8f1171708bfe132d2978bb2c42ff2724a711290cb468add98d88f,25 Feb 2022 1:50:54,4364680,554627280,554.62728
103,TRX,60d5c7e44f9b7f7437fae391ed98372cf5adc1390db666a6a72208798074104a,25 Feb 2022 1:53:45,10099900,564727180,564.72718
104,TRX,280ea2f6617da3d25adc3e78863227b38e2cce9eb3eb041b1da1d35f7ba65ab8,25 Feb 2022 1:54:18,4364680,569091860,569.09186
105,TRX,1bb21cd34908277f7fd06821008744db01e701dee1e4744af77a5dbb71943037,25 Feb 2022 1:55:39,4364680,573456540,573.45654
106,TRX,5345a08bb7d74c4b98301a23a06513949e39a42e5dae1dfa615744542a779cdc,25 Feb 2022 1:57:51,4364680,577821220,577.82122
107,TRX,a513989d93bb0e2345d3faa5e9bf871e8b2e234fc8b3937bda310390cbe90b96,25 Feb 2022 1:59:9,10099900,587921120,587.92112
108,TRX,5735f787a69539309c4dc0ba1c3bb802d4750d39e7ae4922dfd6241fd50469e9,25 Feb 2022 1:59:36,9267900,597189020,597.18902
109,TRX,ca9bbefbfac0890dddc511f55cbbd78a40fe9091d5435f532121a750998a09a4,25 Feb 2022 2:2:27,10099900,607288920,607.28892
110,TRX,24abfb3574b9c448cb068d4366cc17482bdeedd81784f8127b832c862b69fbf4,25 Feb 2022 2:2:42,4364680,611653600,611.6536
111,TRX,b59765b70443a57d27256fcb01e18d20ab4ce0e8f013e372da1d2770f4b7c2a6,25 Feb 2022 2:4:36,10099900,621753500,621.7535
112,TRX,706143f8641c5192d62637330919c663a5a070d50de53ac9745d1d20704cf7fa,25 Feb 2022 2:4:48,10099900,631853400,631.8534
113,TRX,108fdc52b0b777df9f02a21c539a724556b5e04e381f0a2e4f9019c79446f197,25 Feb 2022 2:5:15,3910800,635764200,635.7642
114,TRX,c970f1dcdb02c0f572f95dcb6306faac2ed855e39fed607cf903a358130a2ec7,25 Feb 2022 2:6:21,9267900,645032100,645.0321
115,TRX,60badefd79b93da884c722ed7aed4c48021b4bc832cc0a8dd42e1961e6d642aa,25 Feb 2022 2:7:12,4364680,649396780,649.39678
116,TRX,1bcd8e2bb1ccf21ea07d93e46eb0617ddfdbb09cd44bf06d19f61d628011b804,25 Feb 2022 2:7:21,4364680,653761460,653.76146
117,TRX,78868761d8acf5118a064197f980034d86ce23dbd8bf41ebc02ec86b2ae72c53,25 Feb 2022 2:7:42,4364680,658126140,658.12614
118,TRX,827451a6dfae5574fd03535f382b5e08fad644e1adbf8322a3fd123f3699eb16,25 Feb 2022 2:11:33,2591440,660717580,660.71758
119,TRX,632a81db82a6df91be1e1350f15ddcac613bb457a4f77523a5b281489f9a7ec0,25 Feb 2022 2:11:48,4364680,665082260,665.08226
120,TRX,f7eb65a363ac67d39d98bddac5413ae06946d8a8cb39303ad3a92d4d8e20823e,25 Feb 2022 2:11:54,8364680,673446940,673.44694
121,TRX,2de6f04ea29e5607932dd1d1596a435596d561cadd285647a35ff818ba43bffd,25 Feb 2022 2:12:57,9267900,682714840,682.71484
122,TRX,a4cb7620facb5df345a8afb4a0b708514065e931637ab5d26b406700cf5adaa9,25 Feb 2022 2:14:27,4364680,687079520,687.07952
123,TRX,fb0ef5463ee4bb08f98cecd4360cb8ce84a75c6620170ce57bcf0005c7a267f5,25 Feb 2022 2:15:9,10099900,697179420,697.17942
124,TRX,e486477160683accab306e7a26e19ae98cc11a6af4cdf2a6b09895945f57855d,25 Feb 2022 2:15:15,4364679,701544099,701.544099
125,TRX,42e1a8a3a77f3fa06b10680a7547cae42ed2bacf762c52dbf0ef7f24045e3ac7,25 Feb 2022 2:16:30,4364680,705908779,705.908779
126,TRX,39d9af18fcd9feaf5ae50a4aba731d7011563af7203bdf292d3325658823f79a,25 Feb 2022 2:17:45,3181400,709090179,709.090179
127,TRX,9a37d60675584876f170d938c8e16e0db470ca09ec67f6923be30321b67b138a,25 Feb 2022 2:17:57,4364680,713454859,713.454859
128,TRX,7f80567da744f04f5527cab28dacf11a8f2d7a559c917a77af129a909913da16,25 Feb 2022 2:18:0,4359360,717814219,717.814219
129,TRX,d964b39ac40e1d63e78fd10d7f59fc1e962a5fd356209b0139503ec0e5042f0c,25 Feb 2022 2:18:18,4364680,722178899,722.178899
130,TRX,e87ce0f83760eb9ed1806e1ed485b2a1688043a7c03ae3663e1b91dbe80e6da6,25 Feb 2022 2:18:57,9267900,731446799,731.446799
131,TRX,92d60850c66e30967031112cbb004accf77a66795ec881b6f1a5b41ea599d8dc,25 Feb 2022 2:19:30,3893720,735340519,735.340519
132,TRX,24f33ca87addb4031a62bedb8d5536da827ee6946b95e647890d7503ee5265af,25 Feb 2022 2:19:33,4364680,739705199,739.705199
133,TRX,90938af0b112e311f926805e6906b4bd73e067b5bf32c65f54e899096b13bcc0,25 Feb 2022 2:20:12,9267900,748973099,748.973099
134,TRX,8f350f4bb802c3b483f4f62b440bfdb88259c4453d402ec6b089f9aac63e77b1,25 Feb 2022 2:21:24,0,748973099,748.973099
135,TRX,70393953a4e12fa3d49ea54abfcfa53f3bfe7ea8367702a2d823425d1539606b,25 Feb 2022 2:23:33,4364680,753337779,753.337779
136,TRX,ad7d344084a99fccf6cd0e8a45d44bd5b7b2dc97db7cd43b268cfe436dc01521,25 Feb 2022 2:23:39,4364680,757702459,757.702459
137,TRX,c671bc86122c101485b7f859f03a584b411798736f295ebda01e8d88db7d0dfc,25 Feb 2022 2:23:54,10099900,767802359,767.802359
138,TRX,e78f7c2664c0f271d0f8e6d2243db0e7cc8dc8f75559ef603b2b371bcb0fb166,25 Feb 2022 2:24:42,4364680,772167039,772.167039
139,TRX,5754666d8bfa2de7e457b5bb0516df8c4354078c87d0b9d50e29603fcd396bad,25 Feb 2022 2:25:24,4364680,776531719,776.531719
140,TRX,6538e7261cbcdfd5b2d56b0d2dc0118d65a8451231ec73a1c2c33facc6032cb7,25 Feb 2022 2:25:27,4364680,780896399,780.896399
141,TRX,f1c0067849a42f0d1676cd6852c30e9495241b26bccc8a1a491893ed1a57dd31,25 Feb 2022 2:25:42,4364680,785261079,785.261079
142,TRX,1d6614259b781d1f89a5f0dd5e9a92ba7d03181ba6d76e16ea5059d1f2519e07,25 Feb 2022 2:26:6,4364680,789625759,789.625759
143,TRX,19c575e6192ff0095d43d9b66cc0ed540161352d1e1d273062d43f25e6ad9647,25 Feb 2022 2:26:57,10099900,799725659,799.725659
144,TRX,d631b9972f84b6e1f8a0a4976071c364c5e14e46affa4394ec4ace3397ac2ee1,25 Feb 2022 2:27:15,10099900,809825559,809.825559
145,TRX,28f64ca6d2c56ec020962e4ce8b182cfaec6fa887ae9fa1d0cdc9b3bee414a0d,25 Feb 2022 2:27:48,10099900,819925459,819.925459
146,TRX,2c7765c64a1d430806b5b5a46076958cb6daec085c58f3ce0890aea4ff94e268,25 Feb 2022 2:28:30,4364680,824290139,824.290139
147,TRX,c53c5ae6aaaa41460969a33edce962bbc32ec81cc8ef87acf5dd6f6d314c3e07,25 Feb 2022 2:29:6,4364680,828654819,828.654819
148,TRX,fe3d73e86ebe78e51bb6965915a6efead9ef16ce8cec9f5ee6555c6b1cc4fccf,25 Feb 2022 2:30:33,4364680,833019499,833.019499
149,TRX,d5b4b0bac3e879c8c0e78927e9b682039f6468f12c6b1a5dd86a8883037c0dba,25 Feb 2022 2:31:42,0,833019499,833.019499
150,TRX,9061e25c63f598fcff4967a31e9b0ad62f78dd7eee4e37f7602a8cec372f3fbf,25 Feb 2022 2:32:30,4364680,837384179,837.384179
151,TRX,ab23e9b337b31465c813c3489e78894957f427b7a1f741618a08e694cbd243c3,25 Feb 2022 2:32:42,3910800,841294979,841.294979
152,TRX,10e15f4ad00b0ee0aab8ad2c3c639deb9e4b588fb41e013fed3f6cdde0ca4eab,25 Feb 2022 2:32:57,4364680,845659659,845.659659
153,TRX,f56e597e424ce8ef2e68afd28e2ea9bc7dc038a0ea0536bed69bd15e0f2196b4,25 Feb 2022 2:34:0,4364680,850024339,850.024339
154,TRX,b6fbd0d1f5ac5b27dee0481bdc60de7fd13a55c85451f009228278eff8b0ce9f,25 Feb 2022 2:34:3,10099900,860124239,860.124239
155,TRX,6b0a787da780e39bb01b4825b57bba6c1ddb3f4124fce39044720ecbf9ad1abb,25 Feb 2022 2:34:9,4364680,864488919,864.488919
156,TRX,d634155f4fca88a07bf3edaa6c339d3cfd4af98a771d00e88444c3db7df01edc,25 Feb 2022 2:34:57,10099900,874588819,874.588819
157,TRX,3a0785b16b40cae51c8cdbc2d2e33db43632cbc140903a9019c9ab62229ac5ad,25 Feb 2022 2:35:6,6316340,880905159,880.905159
158,TRX,8bb43db589c13c7d2fa1af85809b85112fb0b1b084df7fc4e8ab847d213013e4,25 Feb 2022 2:36:27,10099900,891005059,891.005059
159,TRX,517ac3d853ac5a9533ef10bb2a5549ba5d73344cff2fd3f04a3f8a694d6922ab,25 Feb 2022 2:36:48,4364680,895369739,895.369739
160,TRX,7daec95d5afd20460115b9edc6d7945c86c29d209519b600e009b28b52f5ea84,25 Feb 2022 2:37:3,4364680,899734419,899.734419
161,TRX,bbb5d2e0939864c4fe901b9c8c9871249808ae40bad71c12006d058c594f759a,25 Feb 2022 2:37:30,4364680,904099099,904.099099
162,TRX,022827bc2f03ed13988dee272c38fd1b5cf1fd46a1e651f57e8fb1bca642eb84,25 Feb 2022 2:37:39,4364680,908463779,908.463779
163,TRX,409b9c1acebe84edaf9d2331b92e95fb65c2e937439ffafa4fa4fb759e433f94,25 Feb 2022 2:37:48,4364680,912828459,912.828459
164,TRX,d1a2fd3d1ab1270b4085e479071bdad33d4ea29d57f95a096f7a2c332cde1d68,25 Feb 2022 2:38:15,3893440,916721899,916.721899
165,TRX,654af42ec8655f9bd92d6e4e63b7a0b0590eeb2749e8df523f8246603e42d7c0,25 Feb 2022 2:38:18,4364680,921086579,921.086579
166,TRX,4abe7dd1145662f0f6820c2caf7a47b6308e9e27b3f43b5195695c5f8d0c91f0,25 Feb 2022 2:39:15,4364680,925451259,925.451259
167,TRX,591cb1e3c51d1233ff2b59ea9f4a2e5240c403e08ae504dd7c8a7972b42ec10c,25 Feb 2022 2:39:27,4364680,929815939,929.815939
168,TRX,0f74218191247126f3aa63c4f03a3b04a0ba98a069b4f82469056b561faa8b1d,25 Feb 2022 2:40:27,4364680,934180619,934.180619
169,TRX,49779f338be044aa181e88ad3401911938f109848e5175f93c569acd86c76f0e,25 Feb 2022 2:40:42,10099900,944280519,944.280519
170,TRX,027db409d8d5ceba703e45d77f862cc1f51175b61afb59e8c75c853ce5ea34c7,25 Feb 2022 2:41:21,4364680,948645199,948.645199
171,TRX,1658a0addeb8add4e4448aa500b2e9e66a99dac4186d91771a299f9d776f0cc4,25 Feb 2022 2:42:24,4364680,953009879,953.009879
172,TRX,9a07cc1800af845aa427314c874d32d0a0c3ead90eee37e06d655b3de5b2724f,25 Feb 2022 2:43:30,4364680,957374559,957.374559
173,TRX,206956f18f757015ec500368a5d19c33be2c10473570b9076ce242f62878d6b2,25 Feb 2022 2:44:27,10099900,967474459,967.474459
174,TRX,d71ca3bdd066ecc42f00b27d6ab2f82c3a8bf999fe57b9229eb38392a549f916,25 Feb 2022 2:45:36,4364680,971839139,971.839139
175,TRX,1df9562320de4818bb1b81a90d9cc3d155e45e562927dd17dfad3be480f3310d,25 Feb 2022 2:45:39,10099900,981939039,981.939039
176,TRX,8855cb46284fdee386d35e178aaa6d116b66a3836c375171838771250be13b7f,25 Feb 2022 2:47:36,10099900,992038939,992.038939
177,TRX,27b3944e28602e763fa105bc06cec713a1d8e49a3e5c0dbefcf2288151a69fc9,25 Feb 2022 2:47:39,4364680,996403619,996.403619
178,TRX,df535bc852490cdac4d1d3b0b6846c99153b8ff8addba52281e1c1bff760cfc5,25 Feb 2022 2:47:54,4364680,1000768299,1000.768299
179,TRX,a111592b5a12b777b0d4e1e990ac04785067ab32c4267c464635cfbc7a891548,25 Feb 2022 2:51:3,4364680,1005132979,1005.132979
180,TRX,e2d55e128f32588b893e0fc335eab63fad612d05ca1c7ca3d19a57b53bd51875,25 Feb 2022 2:53:12,4364680,1009497659,1009.497659
181,TRX,0ddad4821d53d6b32b4f5c81c13a4a809364400e114709a65b4b3f9276015f06,25 Feb 2022 2:53:24,9267900,1018765559,1018.765559
182,TRX,86098ae4549aae1083c9c3cc2e5d5c8db793cb5c060f9d0e9621ef3a41b4ea71,25 Feb 2022 2:53:27,4364680,1023130239,1023.130239
183,TRX,16accf1028b6b528d8a0e5144adbbff9e6cf1a3caf01d2abbca076621b626620,25 Feb 2022 2:53:48,4364680,1027494919,1027.494919
184,TRX,962eb4cd57e8766ff978727024134dcca3babf931809b7dc975ce4ce8503111c,25 Feb 2022 2:54:45,4364680,1031859599,1031.859599
185,TRX,73a12f2916a057aec9b4f7f29c78d83d98aa94f82671830c180764b29e01643b,25 Feb 2022 2:55:24,4364680,1036224279,1036.224279
186,TRX,6fd17d38e4eb4edcc7cf7dd0d9c3ab3762eff5b65a3b5b4dabbcda0eef0a5aec,25 Feb 2022 2:55:39,10099900,1046324179,1046.324179
187,TRX,1e6818e59c3f445bb53c8685ffabf7e485357809abe9dd65330ae3ce34acc858,25 Feb 2022 2:59:0,379840,1046704019,1046.704019
188,TRX,d40656f3dcecb34f0474a71a97aa27ed728038bb3b1cc3290c043584aab8bf86,25 Feb 2022 3:2:0,9267900,1055971919,1055.971919
189,TRX,602b48634b8ed3d2cb9dfe29c580b743c4191fb03d82bb3eb82cf31e28729f76,25 Feb 2022 3:7:36,3642520,1059614439,1059.614439
190,TRX,ad6f27e1208654238608d176122e421afcd52bf2a6ad2c6a4f20e256a268d85a,25 Feb 2022 3:8:39,3916680,1063531119,1063.531119
191,TRX,a948bcae01e7fcf7d019ef167c94760632063c4fd60fefc9cb3b2dc8ed87ea7f,25 Feb 2022 3:8:42,3882520,1067413639,1067.413639
192,TRX,9d319fa98887321e2015c57d0b758c34786d6478d8f65f48f28a0e505341c30b,25 Feb 2022 3:8:51,3913600,1071327239,1071.327239
193,TRX,8eeed3e3cb7821b921824eceefaa9d93cbb1daaf4880943a4654d6de0a0f7da4,25 Feb 2022 3:8:51,3916680,1075243919,1075.243919
194,TRX,bf1f489a5befee3d8b513363d08fac647c2bbb2bd1d4028b73d6194904e7aba5,25 Feb 2022 3:10:3,3846680,1079090599,1079.090599
195,TRX,9ec04641fd6319aa7041e258e92555dc779d20e47f58f9d0acca8312bcebc51d,25 Feb 2022 3:11:57,3954760,1083045359,1083.045359
196,TRX,68e07d96712fbc541461db5bbbcc849712fef62140f1fdf9daf5b55cd116a09c,25 Feb 2022 3:17:30,0,1083045359,1083.045359
197,TRX,e643e22a6524bfe6c48380899b0662e0080fae35c133ce322329b24ccb828a26,25 Feb 2022 10:41:6,4096680,1087142039,1087.142039
198,TRX,a78643982e335de5f79e6e0351c4d6d5e645b17a15b4e1bc2d2cf6686745024c,25 Feb 2022 10:43:0,4364680,1091506719,1091.506719
199,TRX,aa54973af5128a07867b65c58ef360f94affe6ca201a3349f29d40db17c0a902,25 Feb 2022 10:46:54,4364680,1095871399,1095.871399
200,TRX,5f8068bee8f2596e08e700a63d4af314d8111a7de25b1782b6eb92dc4984a594,25 Feb 2022 10:47:42,4364680,1100236079,1100.236079
201,TRX,e552174ad7789ebf8ab85a4bb5007da95b4e3b53c4e85bbb5d063cd73eadb4f3,25 Feb 2022 10:50:42,10099900,1110335979,1110.335979
202,TRX,b8e1e33c1be8d9e600446969838d0a8d50c9afab997b188a648a85ff3a463a92,25 Feb 2022 10:51:27,4364680,1114700659,1114.700659
203,TRX,89cd64c8f7022be5413e63ec4a8cb464f04c7f7f37ee90b6ecc83a785a3d7c75,25 Feb 2022 10:53:51,379840,1115080499,1115.080499
204,TRX,c1e6151edb77fc37ede3b35bc97a1949071c45fb8aa3865bacbe3cbb93319bb5,25 Feb 2022 10:54:9,4364680,1119445179,1119.445179
205,TRX,a60321966772065ee6038b89e55885c0e0c3db607a84c9a8b551b85598919ba4,25 Feb 2022 10:54:33,4364680,1123809859,1123.809859
206,TRX,8f566c3ecad3da850199be0b88969f8a66c5dfa3a50ddd92cb15ab1310f624ec,25 Feb 2022 10:56:57,10099900,1133909759,1133.909759
207,TRX,3dc614947a108688b23f378fe80dfa8e8ecd642f5d676feb81def4934e2bdb2f,25 Feb 2022 10:59:6,9267900,1143177659,1143.177659
208,TRX,0108116cee6f65afde982aad56111fce68fce20fa5785cec20a3c1c2a8edecfe,25 Feb 2022 10:59:42,4364680,1147542339,1147.542339
209,TRX,6c54e40be9c5c6b17747241dcd81fe188eb6f787ef7b0cd90e48556da70ce783,25 Feb 2022 11:0:39,10099900,1157642239,1157.642239
210,TRX,811b941854d09a9cbb368622859eedca56a8bd95727f38ce89e3b9f4d04fb3b3,25 Feb 2022 11:5:48,10099900,1167742139,1167.742139
211,TRX,9e8d86b6215ec01fc818a2bf6b026038611b7d285f5539d0977f00fcd5060218,25 Feb 2022 11:6:9,4364680,1172106819,1172.106819
212,TRX,942a3349eb2d092d9779e28074245f40c3215c8f9dd93bc408cd81d60e0a599b,25 Feb 2022 11:6:45,4364680,1176471499,1176.471499
213,TRX,c0b0a75f0d03f69c48d6cd973197fdc4e61b20ee6b0adbca1de094f3b7653c96,25 Feb 2022 11:7:21,10099900,1186571399,1186.571399
214,TRX,5c8c49223f735bcf34ccd7865fe4f3512b7d1de5c35e69c62c3668d6fec28af1,25 Feb 2022 11:12:39,4364680,1190936079,1190.936079
215,TRX,68892a7b581655ab014facd0cd05418df07bff013213f3f6d7f325ad1d78e1fb,25 Feb 2022 11:14:54,4364680,1195300759,1195.300759
216,TRX,ec5c693deffb77368e3fa47e2b75229704113a5fb294542dd977a01362f1fd03,25 Feb 2022 11:15:21,10099900,1205400659,1205.400659
217,TRX,b7a4b8dc72e0803a528841419b14abacc89b622b6d0860298efe7bac6870dafa,25 Feb 2022 11:15:36,4364680,1209765339,1209.765339
218,TRX,b13fd7f559442c6574441975af2cf021d4e358c80bdd5a3f31d2b650cf974dd9,25 Feb 2022 11:15:54,4364680,1214130019,1214.130019
219,TRX,8bfc0d4b8c8e6eeb1b222cefeef3888354f1744ec88109712d2af9e7147cba94,25 Feb 2022 11:18:0,4364680,1218494699,1218.494699
220,TRX,bdfe701c106b718c3fc0b98fa4bbeafef609d2e5e3b396a5c5e30cfec821e72e,25 Feb 2022 11:21:30,4364680,1222859379,1222.859379
221,TRX,93d8c269b5e7a7d8e17155338ed202ad839934274c883e3616d4b57446b4130a,25 Feb 2022 11:21:39,4364680,1227224059,1227.224059
222,TRX,8ed7fb6970319a7e6f053a140342fec4ffeee20161c74187ee00308cddbbd2fe,25 Feb 2022 11:22:24,4364680,1231588739,1231.588739
223,TRX,0de3cfa7b7d064df4a7afbcc6c10bccdf4225968b7605af69388f8c781bbbf04,25 Feb 2022 11:22:36,4364680,1235953419,1235.953419
224,TRX,8c2781aee861baaf23ccb0093a63780a87416a1e9bd7a33d5cefd059f517321f,25 Feb 2022 11:22:42,10099900,1246053319,1246.053319
225,TRX,8deba8fe8575eb518d0aa1dd1713d73996a10367a3106eaf4c567e0f202ff5c1,25 Feb 2022 11:23:6,4364680,1250417999,1250.417999
226,TRX,a20c06076ec8d98803883185e78e15615cd8052256ef7bef45330d60ffaf197f,25 Feb 2022 11:24:57,4364680,1254782679,1254.782679
227,TRX,cc13917c3695277f6eb3239479383eb54a9e18057abac52ebe2d96c1ac7d4c19,25 Feb 2022 11:26:15,10099900,1264882579,1264.882579
228,TRX,f091207a5508b86bbd903dac6e8ac273d5bbae9314c4a895bafd97c9c73a100b,25 Feb 2022 11:27:33,4364680,1269247259,1269.247259
229,TRX,b0b3c08e8cef1575bbfdca6e869c21678450ca9a7ba4d330bd3d315f11399007,25 Feb 2022 11:27:45,4364680,1273611939,1273.611939
230,TRX,00bc328326ba36b4b8f390a39b727bc116290af6e93c1a9c170a863b4a8b7f82,25 Feb 2022 11:27:57,4364680,1277976619,1277.976619
231,TRX,8b4f6972faef4e2b189483e8adf406d32bd74c31f915855e3c2e06fb775dcafe,25 Feb 2022 11:29:27,4364680,1282341299,1282.341299
232,TRX,9c2b434231b171ec3ba40819204ab8823067dc2b849bc91fce01362cae8e910d,25 Feb 2022 11:29:54,4364679,1286705978,1286.705978
233,TRX,244f1a6da04f72576d928b49932c592c08bd64681477fcd9c1dce135fc03e8f4,25 Feb 2022 11:31:0,10099900,1296805878,1296.805878
234,TRX,44b2930ed355072606a8225f00415a9762cfde31b751a635de6e59dd049098e2,25 Feb 2022 11:31:30,4364680,1301170558,1301.170558
235,TRX,1685d77df6f909f6108cb3bb35614db02c3969d47d37712792aa1a6c515e3e0f,25 Feb 2022 11:32:36,9267900,1310438458,1310.438458
236,TRX,8499e58b9765b76176d7106e0a5248897995e52978c39c06158103691230af32,25 Feb 2022 11:33:24,4364680,1314803138,1314.803138
237,TRX,9ac64bf2004d470d04d40f03f2912a14f2925250817a3c73ae3502ba301fb90f,25 Feb 2022 11:34:0,4364680,1319167818,1319.167818
238,TRX,3820c4652efa3f079564d70899671b558955989ad4d3c4189f67ae7a8c2a2a81,25 Feb 2022 11:36:6,4364680,1323532498,1323.532498
239,TRX,61b2a60a0fa437c66c66cdea61d504dde5fcf314c5e7832f61ac0ff023320693,25 Feb 2022 11:37:9,4364680,1327897178,1327.897178
240,TRX,fd0923d35bfdb43b623b43e4ac3c68804ba68651bd30e342808bbfa6309e8c31,25 Feb 2022 11:37:42,4364680,1332261858,1332.261858
241,TRX,7cce9e1437ec6f1195a6ab775965b8cc3d91d7d4665e1d7ddc0957d5381b9fb9,25 Feb 2022 11:38:33,10099900,1342361758,1342.361758
242,TRX,bed9771e647a321ab295df838b80aa21a7e8d74eec888b03a7e96df273d22c3c,25 Feb 2022 11:42:42,9267900,1351629658,1351.629658
243,TRX,8d9642ccc2cffcfe8ef54442986b2947efac9442d6f6ea82c69c8d81a162bbaf,25 Feb 2022 11:43:0,4364680,1355994338,1355.994338
244,TRX,acf8eb5ba067b14e4a4413533034d1dd04dc42bdf60d9ec99bdc951feba15b2c,25 Feb 2022 11:45:36,4364680,1360359018,1360.359018
245,TRX,e8dc6623a927abd608d4967639ba27495812f6a316fe68ae92cfa30ff96a95fe,25 Feb 2022 11:46:0,0,1360359018,1360.359018
246,TRX,5e424d4fef4485d59b1fe6ae0383754a254dceb62d8fd920c24ffc4db43e5bcc,25 Feb 2022 11:46:24,4364680,1364723698,1364.723698
247,TRX,1669e873c803f041f19efce682431c734f20f8b6e93d405ec8f929b209fb541a,25 Feb 2022 11:49:57,4364680,1369088378,1369.088378
248,TRX,3b167286a5161a0d9d7173afbb159be38da0a3416a3a4a2cb4e08e6e37a222c8,25 Feb 2022 11:51:51,4096680,1373185058,1373.185058
249,TRX,d8e728428bf897646540af23e850f7b0a1a2987043b0a4f18f04dff0075ba109,25 Feb 2022 11:55:3,4364680,1377549738,1377.549738
250,TRX,65503a63144b65f62d797d594046436a0efb7b134da580764cb12a0ac7a852dc,25 Feb 2022 11:57:3,4364680,1381914418,1381.914418
251,TRX,7db981c2159d7cbc521566e71e4bea2cd0d57d58fd5879ccec796683441203a8,25 Feb 2022 11:57:6,3213600,1385128018,1385.128018
252,TRX,5cf35a8ae2c5a80584ce2a4c8c5a302ca7933806d901a4c948d6ac4999ad6d62,25 Feb 2022 11:57:36,4364680,1389492698,1389.492698
253,TRX,1f1a479686b29a7bea43c5d191b405a772774345118d44f4b0e9ce56876027b6,25 Feb 2022 12:1:21,10099900,1399592598,1399.592598
254,TRX,0f3f63b8abf69a611333d129dae27d8a8812121d6b6df4923cf0181dc206c24e,25 Feb 2022 12:1:48,4364680,1403957278,1403.957278
255,TRX,4fb02560cbf05d9773abdc0db0957e1d483746daa19530d9111b876287988c52,25 Feb 2022 12:2:6,4364680,1408321958,1408.321958
256,TRX,ec70ce4e3ed1afe172d1a6d72e5bbbcfbdcab97d10161ad3edd4a7fe12b49337,25 Feb 2022 12:2:21,4364680,1412686638,1412.686638
257,TRX,ecd5b6535a33f23d1a3f635af69aa14d57b717d0e96249b244ab16a1cb78e8b9,25 Feb 2022 12:4:51,10099900,1422786538,1422.786538
258,TRX,9c68bcf78263ff04ea39e8c0d474f127c5849bacd2baa508006ebfa48fdb8740,25 Feb 2022 12:4:57,4364680,1427151218,1427.151218
259,TRX,aa1ae5863ec37f0a0f9159b3b3f48d738c6ae526e09a34f52a6ae345a06c4b4f,25 Feb 2022 12:5:27,10099900,1437251118,1437.251118
260,TRX,9910e88cd63a85ca91a3a840ba22c14967307486dce8cd990a4e9299721eee70,25 Feb 2022 12:5:51,4364680,1441615798,1441.615798
261,TRX,8cbf7c1319c9b66174de94334ea075329c14fb3e655ca195f70a7358ba17e945,25 Feb 2022 12:8:51,4364680,1445980478,1445.980478
262,TRX,3b1ff45db9865518ab17f9b0092b17bfae19e543270c2323b1e07cf09fedf9ab,25 Feb 2022 12:13:45,8364680,1454345158,1454.345158
263,TRX,454471b180a83b2b135f6a86b4353ad64924646338ed19c579d3f97ea6acbbe0,25 Feb 2022 12:14:6,4364680,1458709838,1458.709838
264,TRX,44ed0e0ffac8a7921207efd5605622e0a83a89e8a673079e9607e60050528d4a,25 Feb 2022 12:14:12,4364680,1463074518,1463.074518
265,TRX,1a422598b62ba790c7a765f66eb220d39017d05574d6e47ac51f969982634d83,25 Feb 2022 12:16:0,4364680,1467439198,1467.439198
266,TRX,c2b8aa2e0c705cd281b92b7d9f7a059d4163af691e78700239e91dfd2f104a4d,25 Feb 2022 12:16:9,4364680,1471803878,1471.803878
267,TRX,78acf65169c676ccc5864997cb152130753c31d99f308c4df71421efd4189cd4,25 Feb 2022 12:16:9,4364680,1476168558,1476.168558
268,TRX,9ff91228a679f2dfe914f6fca347036faf38fbb6dcdc26c8951f05a7de45e639,25 Feb 2022 12:16:27,10099900,1486268458,1486.268458
269,TRX,0c5cbc877c38f37c41687be39ca7e3a973f2ffcde7f739aedd49d42111105b17,25 Feb 2022 12:16:36,4364680,1490633138,1490.633138
270,TRX,672b951d2146bd0d1e970b8b34fc1bfbafba8d2220053d3ebefaa62bed931421,25 Feb 2022 12:17:45,3208560,1493841698,1493.841698
271,TRX,6b404883e1f05cb4f7b94f3dc27ee1c414575a7e300b0cce4fe2f3557abf5cc7,25 Feb 2022 12:18:3,10099900,1503941598,1503.941598
272,TRX,34e1a4bf72ba465d54bb74522c1de3cbfe6a34d6bc9db6ab08e4a25b0e71e3fa,25 Feb 2022 12:18:18,0,1503941598,1503.941598
273,TRX,21932bb634a3919081e56ff7aed0bc2b6130bfd01b6bf8d01820bd6d82b8924d,25 Feb 2022 12:18:33,10099900,1514041498,1514.041498
274,TRX,8461b62cca507e292fc6fce5d386440971765732f4ce0643078d06e0b7c9e06e,25 Feb 2022 12:19:9,9267900,1523309398,1523.309398
275,TRX,7dfb97b7469e92a76cd1e24c97f06a205b6d84c7a6e0fb2a42f90cbd928dcdf2,25 Feb 2022 12:20:33,4364680,1527674078,1527.674078
276,TRX,a8eca85868d5d4c9c628a1bf97d34ea9e261b84a92b18e849b2e2021aa259c66,25 Feb 2022 12:23:0,4364680,1532038758,1532.038758
277,TRX,893d9a7051844f99728d3302ba963b86fc06445eca54f1d70dc7416e9b2548e7,25 Feb 2022 12:23:0,4364680,1536403438,1536.403438
278,TRX,e93667112cbfa2620a3b627d6549c271c6825cab53cae0604188571c67c40377,25 Feb 2022 12:24:3,4364680,1540768118,1540.768118
279,TRX,d856c9ebad70426ad2a75f3ba86779cfb65a307273c8c85d1224be7265d158d0,25 Feb 2022 12:25:48,4364680,1545132798,1545.132798
280,TRX,90c85ee7c128411e7f8ca60bea715ff7593ec5ef3f679b8bb8edad3402a69ac9,25 Feb 2022 12:26:57,4364680,1549497478,1549.497478
281,TRX,681758adc4fd7553a4ea69b09c222918a401763dbba125eb3e7ea882ea1c74fc,25 Feb 2022 12:27:36,4364680,1553862158,1553.862158
282,TRX,62f4eaf8f46fec16c0a24aec3327f1c5b37b26a831f5edbdea924eacf07985cc,25 Feb 2022 12:28:21,4364680,1558226838,1558.226838
283,TRX,c3173d66d54136e730942cb6b461686fc17db966faf226bc65c68266d0397072,25 Feb 2022 12:31:42,4364680,1562591518,1562.591518
284,TRX,91a691463b283046418070b67c5f6139d55a3b6455236894bf0194d9a277f002,25 Feb 2022 12:31:57,4364680,1566956198,1566.956198
285,TRX,bf20ef844d4b73d7ea6aebb46e827ffa6cb859777500d5c4aa8683952ddb1aef,25 Feb 2022 12:34:12,4364680,1571320878,1571.320878
286,TRX,f195f8437166c1a9048f37cebc404c14e41ff0ee3ddda0034c732d1487d37980,25 Feb 2022 12:35:36,3916680,1575237558,1575.237558
287,TRX,460aeea5ea6c530d724379805e30b4ed1904ad64c0dc38fdb59739587044cf79,25 Feb 2022 12:36:24,4364680,1579602238,1579.602238
288,TRX,242666b851c7f467aec59642b3f4aa3d43b91cd6ec4d5899562a3c9a77e05690,25 Feb 2022 12:37:15,10099900,1589702138,1589.702138
289,TRX,e8b514479bfd33f8543ce00f613b6723677a481b1900a723d4971f908c4c3520,25 Feb 2022 12:39:3,4364680,1594066818,1594.066818
290,TRX,ba88adf0fa84e1a84bff8c2ef5ad4e628cff8b4d77ea87dbbf202bbf9d3e9586,25 Feb 2022 12:39:21,4364680,1598431498,1598.431498
291,TRX,e734099ff1a9ce263990ad81c19d9ac018c287223dc4c4b3740b0cdb54c2409d,25 Feb 2022 12:40:0,4364680,1602796178,1602.796178
292,TRX,d44280a55791bc34e636082ee3024d7c3c3eebe169fe3c1b1900b3d32cb59370,25 Feb 2022 12:40:36,4364680,1607160858,1607.160858
293,TRX,d626494afa5678a80b8aab64c8faf3c9f36c582715f1e35973592ad231450462,25 Feb 2022 12:42:3,10099900,1617260758,1617.260758
294,TRX,9791639632b85f21f59059e190916ff76f6919be4b1268e4d29364304367e07e,25 Feb 2022 12:45:30,4364680,1621625438,1621.625438
295,TRX,182077109bcc2136c8e5e0e2e3faf8c0477b10c9d41803a554a85309f77114ea,25 Feb 2022 12:45:39,4364680,1625990118,1625.990118
296,TRX,6cf98b104222e046088fb142cc9deef41e869b7498fdf95fb573384303a4186b,25 Feb 2022 12:46:33,4364680,1630354798,1630.354798
297,TRX,134090a1994e6301b518e9258b14c3312564b23947bad0fabc15adf739ee09c0,25 Feb 2022 12:47:48,9267900,1639622698,1639.622698
298,TRX,89476149c291ca45e251697ccefecdd26132a11d0df84fb67b464a327a901f71,25 Feb 2022 12:50:27,10099900,1649722598,1649.722598
299,TRX,ddfde6c9674383a25b3c5e2c5408999d8da6fc45196188a8c9e8061fe3debd58,25 Feb 2022 12:50:27,3616520,1653339118,1653.339118
300,TRX,d834b867b693505aba31ed8a7b28b45add8ca1c0ea4f6a3785ca5f844eb80b2b,25 Feb 2022 12:50:57,10099900,1663439018,1663.439018
301,TRX,cc70435670bbb037891542599a671ecf54d67c6e17bf0fba7bfe707da156b314,25 Feb 2022 12:51:21,4364680,1667803698,1667.803698
302,TRX,0e0324c7af48b5254837e7dbfa7a8301fa43f92a3776c764657c5a15a6d3cc60,25 Feb 2022 12:51:30,4364680,1672168378,1672.168378
303,TRX,b308c77a5810341c59bdf52da20c1abec446038e6ebad7e4879accab78deefa6,25 Feb 2022 12:51:36,0,1672168378,1672.168378
304,TRX,b2fb6f288589e7fe18cee06c26453382de6cbbead1a67059c8e96c6cb9f7dd41,25 Feb 2022 12:51:36,4364680,1676533058,1676.533058
305,TRX,3d866c3c7193fca3b318b690d1222aad7a24504640b39cc0fbebffd98d9a7aa0,25 Feb 2022 12:52:21,3146400,1679679458,1679.679458
306,TRX,b3be4bca29f7573fc5e2e96f8be7a14b7363daa96295275331001ed40b9a827c,25 Feb 2022 12:52:24,6316338,1685995796,1685.995796
307,TRX,9e5de6ef704f64139084dc2cf2ed8be95a1ff08796b1ce60ab4eae4731b751e0,25 Feb 2022 12:52:51,7095440,1693091236,1693.091236
308,TRX,86b28d8e926914ef9d8ed3ffd34976225c9d7c3e10ae1dde5b3223ec606856fe,25 Feb 2022 13:7:45,2479440,1695570676,1695.570676
309,TRX,3f2882abbefa1dbff9a72cbd95cb6805b45007ce97e9649bda0b7ae61a4b5f12,25 Feb 2022 13:8:39,3910800,1699481476,1699.481476
310,TRX,f376e69b34264bcbc2cb01695df0851872f05bc63d8ee5af1f9427bbfd49d2c2,25 Feb 2022 13:9:27,3829600,1703311076,1703.311076
311,TRX,4e89081b7fe259b75aa14fa23a15e205c7c3157f3c08e990fab0e7b108d8c2dc,25 Feb 2022 13:12:45,3954760,1707265836,1707.265836
312,TRX,872e46a437e397525d7064cc6fdd695c41caa2262fc3a0c7e428612f0b51185c,25 Feb 2022 20:45:24,10099900,1717365736,1717.365736
313,TRX,31de70c2158d5dcab850eff91bd9d8a3dc1db62dff8be0472229de393ba1fb78,25 Feb 2022 20:45:42,4096680,1721462416,1721.462416
314,TRX,814b3663a5a7f5a3505517e7093f6647d7daf72b23147ed3c326bcb8f86ef09c,25 Feb 2022 20:45:51,4096680,1725559096,1725.559096
315,TRX,8678207d08973ec02bc9da0d6fc95a8013b6b0230a1909770abeabaeaf56cb65,25 Feb 2022 20:45:54,10099900,1735658996,1735.658996
316,TRX,ac52ca3acb34cadbfe7e3297c8e2d6dcfc9e8507f4981ec16aad6c4b8f19466b,25 Feb 2022 20:46:0,8364680,1744023676,1744.023676
317,TRX,58e4054957eb8d47661d93dd9dedf2a470dc7315d0c5d626615573b33953a574,25 Feb 2022 20:47:27,4364680,1748388356,1748.388356
318,TRX,4dfc9dda8654f3cebc71c4dc7eeb984678f997c606591267bf070693a91a2d59,25 Feb 2022 20:48:45,4364680,1752753036,1752.753036
319,TRX,dbbb2940e857f4db8d22e569a697f6ed6df1b83107cf7f7c7794feca4c819035,25 Feb 2022 20:49:0,8364680,1761117716,1761.117716
320,TRX,90490add32fd70d715d27403689387bd36baedb8feba4d5d4b1766eb029207cf,25 Feb 2022 20:49:48,10099900,1771217616,1771.217616
321,TRX,f8cae65132550e6631d60fce3566db9afd0406e0b4653880655d0a2417e7f1bb,25 Feb 2022 20:50:12,10099900,1781317516,1781.317516
322,TRX,ad8aa773f18e0b09b3d39958210d658d24319b7574422c2707a53ffbc2cec899,25 Feb 2022 20:52:54,4364679,1785682195,1785.682195
323,TRX,0745f1f5a860007276c54f3aeb6719f9c18a2c4abdb59768f5f64fb6e1c84cff,25 Feb 2022 20:54:21,4364680,1790046875,1790.046875
324,TRX,08796a5a66b0c2a257a1d99fb62db43a5c46e6cc960577d0270b860e669739ef,25 Feb 2022 20:54:36,9267900,1799314775,1799.314775
325,TRX,e6054eeb5437733b82391e8f3c476f46a6d5a7525b76078285c7f6cb72031a36,25 Feb 2022 20:55:51,4364680,1803679455,1803.679455
326,TRX,40d421aee2eab51d8c363064d98cac5c6edb8307dd2fd2d5132bb0f5d872fb47,25 Feb 2022 20:56:18,9267900,1812947355,1812.947355
327,TRX,171c8fe56b74a83f4a2bf8877cfceb1927e3e9acd5a6cda089eaae747c8046b4,25 Feb 2022 20:56:48,10099900,1823047255,1823.047255
328,TRX,b34879cb65047595c6cc591d1fbaca7fe8ce0ea52b871fb36511f3c6b810331b,25 Feb 2022 20:58:3,4364680,1827411935,1827.411935
329,TRX,0939d67a16a493d6b92fa57de46ee9dffc2876a66e9cbb288096088db3773197,25 Feb 2022 20:58:9,10099900,1837511835,1837.511835
330,TRX,8afb9e7f6ac317ec7d37f29d033f80e6b27778c76748f9e67e359752485a3410,25 Feb 2022 20:58:39,10099900,1847611735,1847.611735
331,TRX,199089f7c7b18ad8de833b5852a03e731bfd466be49ddcd76e4d829e075e7114,25 Feb 2022 20:58:51,10099900,1857711635,1857.711635
332,TRX,8a2e12d0e219869a4e91e210ecddf2c24f57fabf37511fb8a58c50c5bc54e228,25 Feb 2022 20:59:21,9267900,1866979535,1866.979535
333,TRX,cddf30c8cc350cc0c9a8286d3374cd0dd4ef6f2e1d5c8c3ae4f718eed576f00e,25 Feb 2022 20:59:51,4364680,1871344215,1871.344215
334,TRX,6f2a83f337b6a50f1763b59333a34e2d595a3f44712a98d188d2eba350831f1e,25 Feb 2022 21:0:21,4364680,1875708895,1875.708895
335,TRX,16cb8b16cd5c959ec36e0d6b0e685fa5709f9535f14198ef4ba8ec1c9119a16a,25 Feb 2022 21:0:24,4364680,1880073575,1880.073575
336,TRX,4cc8d76c0fbf1ce0a0b2d92660ce217c09c12587a901f8f4051d7aed27296547,25 Feb 2022 21:0:45,4364680,1884438255,1884.438255
337,TRX,4933edf3efba52a3e6bcfc5b6910a38b6a6b798c414749530b51c71944bc86fb,25 Feb 2022 21:0:48,10099900,1894538155,1894.538155
338,TRX,e6adf326c62cb216b09b23aac09def3a05daef770ed9765a9903338e3cc1ca2c,25 Feb 2022 21:2:12,4364680,1898902835,1898.902835
339,TRX,a55ea6911743a189672eebaddc1ab22b6c5bdd04190875011c1a1976882ef303,25 Feb 2022 21:3:27,8364680,1907267515,1907.267515
340,TRX,20d3d275e1d80445027c813d2872f2409b19f92a53c061f53ba88288177d68d5,25 Feb 2022 21:3:57,10099900,1917367415,1917.367415
341,TRX,b51542f58c13a85ed138b861edfab69ff35e6ec912a7b8fff92af5dbfb1110dd,25 Feb 2022 21:6:36,10099900,1927467315,1927.467315
342,TRX,3c7f69fc844c042f99b1474233d2e48020a222a029f0c44d478e3229dda7bf7d,25 Feb 2022 21:8:9,4364680,1931831995,1931.831995
343,TRX,f42d73897e3f47b0a0d70274cb423fac368ffb5a707b61d512737e2e9bf5e213,25 Feb 2022 21:8:21,4364680,1936196675,1936.196675
344,TRX,cb4236084b6f65580d8da5860ecd4d8a9d9f75a2fab28224aae7983d1aed36be,25 Feb 2022 21:9:30,4364680,1940561355,1940.561355
345,TRX,3e62cb5dbe08c3a1a163f9d2fe3dab944bdec1a8e06eb1a53713fb9885661e24,25 Feb 2022 21:9:57,9267900,1949829255,1949.829255
346,TRX,62f30fb3cfde8cd64eb4cbfc099d838a88edaf9d2377e0dae62cba7092366068,25 Feb 2022 21:11:12,4364680,1954193935,1954.193935
347,TRX,c12fe26a6e261806a72ae44d72caedbe638497bf8d9f0876f0303341fb48f655,25 Feb 2022 21:11:18,4364680,1958558615,1958.558615
348,TRX,08d4f42b8beb882ce248b55ced6685cf22d52a7ec4f875f675275e30dd164627,25 Feb 2022 21:11:54,4364680,1962923295,1962.923295
349,TRX,59c374f3a981acf875f0aebd7102d2af83fedd93ec4d025242daecf89c64bad7,25 Feb 2022 21:13:0,4364680,1967287975,1967.287975
350,TRX,48c73125aca954cb060f0bd35585d26fe7515841f59029a3c77c5ee5b311c546,25 Feb 2022 21:14:21,10099900,1977387875,1977.387875
351,TRX,fe35e3dffe957f014898751c7c5a1e5c7466cfc4a61211ec4973ea69e6c05902,25 Feb 2022 21:15:18,10099900,1987487775,1987.487775
352,TRX,3199bf9163e020f7fe9fc9a8fb8c6708ad3ccec55072934d87bbccc013363e82,25 Feb 2022 21:15:21,4364680,1991852455,1991.852455
353,TRX,e2f3528d0474f2d1639cf2bd013e72d9527df5914b5e6b9fbfcda68beb1c04fd,25 Feb 2022 21:15:27,4364680,1996217135,1996.217135
354,TRX,dcd6252c10c96faa347cce4320a49d44a8d2b11d6ed5204a5529a8788667f7fe,25 Feb 2022 21:15:33,3213320,1999430455,1999.430455
355,TRX,4d639e44396381f91d96381d1975da016fef574b9e77a5bb20feed3d1f2b5f35,25 Feb 2022 21:16:57,4364680,2003795135,2003.795135
356,TRX,afd4738e8a8744dfa42b310328ce32fce22403e3de523a2ecbbfe53471fdd23f,25 Feb 2022 21:17:24,4364680,2008159815,2008.159815
357,TRX,fd2df593294fded2323c4542a825d7a467d765787532f0334e2f66e126fffb03,25 Feb 2022 21:19:21,9267900,2017427715,2017.427715
358,TRX,8f82f9a9a78e1a2a53091fa7529cd8862ab1a8cfa6eab79cdcfbb68e55bd7e75,25 Feb 2022 21:22:24,4364680,2021792395,2021.792395
359,TRX,3787b0fa88961fbea72a6c27888f47d1d95469b06c73ed49f9de13343b526869,25 Feb 2022 21:23:33,9267900,2031060295,2031.060295
360,TRX,43a03c6ed7a9612c0e16815d621a93dd889ac4698b5e1f3038067fe6f90e4144,25 Feb 2022 21:23:45,4364680,2035424975,2035.424975
361,TRX,d9108b8a1b21b3c2f81095dce94ba6fa8156720758dd2f44a41a83da36b209a5,25 Feb 2022 21:23:57,10099900,2045524875,2045.524875
362,TRX,739e64e0b5a19250f306c08a18953ba9b9b5d7fe0f567e60833d6c890b72bc40,25 Feb 2022 21:23:57,4364680,2049889555,2049.889555
363,TRX,533f72f709878074c434ac9a859c568ace1c416b630cc2b6b9492d965d8260c6,25 Feb 2022 21:24:24,4364680,2054254235,2054.254235
364,TRX,8e1095d2647d970ef56d3a8d2d8f64ab7347ecbfc1866daba3f12efb36a7aade,25 Feb 2022 21:26:21,4364680,2058618915,2058.618915
365,TRX,929ee7d6190cc7bb1d54a4f97476b3d8a3a403f0f40c8db1ec12439767e65cb1,25 Feb 2022 21:26:30,4364680,2062983595,2062.983595
366,TRX,0389bc0d410c650ca4572f074f72cb216b9027f85344614aa4157ed194b160f5,25 Feb 2022 21:27:0,4364680,2067348275,2067.348275
367,TRX,1ea54b1eba9d0ce75d2ccc45b06377de03ca0ddda6b50f6d1b9cbe17906f8d3b,25 Feb 2022 21:27:24,4364680,2071712955,2071.712955
368,TRX,773d0912f7a5340a47c5d3f7b068f2e0cd997f617be181170d2ca3fc5a7346b9,25 Feb 2022 21:27:51,4364680,2076077635,2076.077635
369,TRX,cbea9401283a5768af6392aa0a9b70fdd6d41b4d69f58363fd4308968a0874f2,25 Feb 2022 21:28:3,10099900,2086177535,2086.177535
370,TRX,70c6c5ef1f96b80c83c0c3b48e0a0ec97f706b6082fe6efe7080126dfd9d99d5,25 Feb 2022 21:28:36,4364680,2090542215,2090.542215
371,TRX,0907ef8a2784de540d0700f7d9a2c76e994efa6669f5af8eb5a0b78116576037,25 Feb 2022 21:30:0,4364680,2094906895,2094.906895
372,TRX,235a7fdf77622d672528353bd6ed9527587c3ee0c419d52de79f2e23ee6778b5,25 Feb 2022 21:30:51,4364680,2099271575,2099.271575
373,TRX,5b512d774b35b4a84babbcfe37d7d037b460811b9421e7a1632d592071492618,25 Feb 2022 21:32:27,4364680,2103636255,2103.636255
374,TRX,ecc9700490d50cfff2629025aa057a4c613fdeb750ff92d32f55dfaa37e90876,25 Feb 2022 21:32:54,4364680,2108000935,2108.000935
375,TRX,aa3986cf7527823b9f49f49801f44ec0b81b51e365e3cf5bfec05e4fb8248601,25 Feb 2022 21:33:30,10099900,2118100835,2118.100835
376,TRX,9e58acece0a27832e025f61b14c8507d53a4c81fbc797928f10440cc8b1d8a8a,25 Feb 2022 21:34:24,4364680,2122465515,2122.465515
377,TRX,d07c2c2c663ffa2aecd614cb4e3183f37a1e161186d31030862020a06cdb07cd,25 Feb 2022 21:35:9,4364680,2126830195,2126.830195
378,TRX,d93c49561f3fb3196811c2532e29bc1879c3321525fc4bcb5a691332158ac876,25 Feb 2022 21:35:27,4364680,2131194875,2131.194875
379,TRX,c24ac2de7a34994f77c567faed98f77f0beed0b94986e69fe19b837dcf8f4531,25 Feb 2022 21:36:48,4364680,2135559555,2135.559555
380,TRX,1c218ce9ac40e6ad41880f5b8535b2f3f353798d03e04196a3e321b842664dbc,25 Feb 2022 21:37:42,4364680,2139924235,2139.924235
381,TRX,8a00a2648234b8fb531e2edafb82eac025b95cd9e3c89ded1f2af12d0f5958aa,25 Feb 2022 21:40:9,4364680,2144288915,2144.288915
382,TRX,0e4326c45c03b82fb082508f7dcf6402ab58fd4e602d18c1ec72aa783303dbd4,25 Feb 2022 21:57:21,379840,2144668755,2144.668755
383,TRX,493fd35292adae6af14f047bd8a73d4f61572ad8e40f97f9ea1380b521c5fb3e,26 Feb 2022 2:23:57,112840,2144781595,2144.781595
384,TRX,5714639d56d307edd337f91c440e68d4d397f03a9e93e74c8be900b53f31eab0,26 Feb 2022 10:42:30,112840,2144894435,2144.894435
385,TRX,b1f2aa80c1a5e644f2b7caa94a24e3eae707e56545ea44bd5376b3254bfc740f,26 Feb 2022 22:4:48,112840,2145007275,2145.007275
386,TRX,058b610794c3cdf9efc7c2e1e2ba9d29ae59b69b359bbc7195f0e295b8df60cf,26 Feb 2022 22:32:18,112840,2145120115,2145.120115
387,TRX,cca2152649ac9f694fe47b3e1416982b19ba89c67b51511e89567d20bedf0729,27 Feb 2022 7:30:30,112840,2145232955,2145.232955
388,TRX,5190abe00108c87414c08acf041b22d6583742edaa8af6e0bdd8a9f4cc61ab8f,27 Feb 2022 17:37:27,112840,2145345795,2145.345795
389,TRX,7f74436ee22aca375620ddc11859c9e720d4d624572851c7c38462a0b62b0005,27 Feb 2022 18:44:39,112840,2145458635,2145.458635
390,TRX,7c7273ae57aed6abb44bf5b3eb00cafc48db8df2b6cf44aff400abbaf63a3b63,28 Feb 2022 3:2:6,112840,2145571475,2145.571475
